rute_id,kode_a,kode_b,kota_a,kota_b,kategori
AAP-BDJ,AAP,BDJ,Samarinda,Banjarmasin,DOMESTIK
AAP-BEJ,AAP,BEJ,Samarinda,Tanjung Redeb,DOMESTIK
AAP-CGK,AAP,CGK,Samarinda,Jakarta,DOMESTIK
AAP-DPS,AAP,DPS,Samarinda,Denpasar,DOMESTIK
AAP-GHS,AAP,GHS,Samarinda,Melak,DOMESTIK
AAP-HLP,AAP,HLP,Samarinda,Jakarta-HLP,DOMESTIK
AAP-JOG,AAP,JOG,Samarinda,Yogyakarta,DOMESTIK
AAP-SUB,AAP,SUB,Samarinda,Surabaya,DOMESTIK
AAP-TJS,AAP,TJS,Samarinda,Tanjung Selor,DOMESTIK
AAP-UPG,AAP,UPG,Samarinda,Makassar,DOMESTIK
AAP-YIA,AAP,YIA,Samarinda,Yogyakarta,DOMESTIK
ABU-KOE,ABU,KOE,Atambua,Kupang,DOMESTIK
ADD-CGK,ADD,CGK,Addis Ababa,Jakarta,INTERNASIONAL
ADL-DPS,ADL,DPS,Adelaide,Denpasar,INTERNASIONAL
AEG-KNO,AEG,KNO,Padang Sidempuan,Medan,DOMESTIK
AKL-DPS,AKL,DPS,Auckland,Denpasar,INTERNASIONAL
AMQ-BXB,AMQ,BXB,Ambon,Teluk Bintoni,DOMESTIK
AMQ-CGK,AMQ,CGK,Ambon,Jakarta,DOMESTIK
AMQ-DOB,AMQ,DOB,Ambon,Dobo,DOMESTIK
AMQ-DPS,AMQ,DPS,Ambon,Denpasar,DOMESTIK
AMQ-FKQ,AMQ,FKQ,Ambon,Fak-fak,DOMESTIK
AMQ-HLP,AMQ,HLP,Ambon,Jakarta-HLP,DOMESTIK
AMQ-JIO,AMQ,JIO,Ambon,Moa,DOMESTIK
AMQ-KFR,AMQ,KFR,,,DOMESTIK
AMQ-LUV,AMQ,LUV,Ambon,Langgur,DOMESTIK
AMQ-MDC,AMQ,MDC,Ambon,Manado,DOMESTIK
AMQ-NAM,AMQ,NAM,Ambon,Namlea,DOMESTIK
AMQ-NBX,AMQ,NBX,Ambon,Nabire,DOMESTIK
AMQ-NRE,AMQ,NRE,Ambon,Namrole,DOMESTIK
AMQ-SOQ,AMQ,SOQ,Ambon,Sorong,DOMESTIK
AMQ-SQN,AMQ,SQN,Ambon,Sanana,DOMESTIK
AMQ-SUB,AMQ,SUB,Ambon,Surabaya,DOMESTIK
AMQ-SXK,AMQ,SXK,Ambon,Saumlaki,DOMESTIK
AMQ-TTE,AMQ,TTE,Ambon,Ternate,DOMESTIK
AMQ-UPG,AMQ,UPG,Ambon,Makassar,DOMESTIK
AMS-CGK,AMS,CGK,Amsterdam,Jakarta,INTERNASIONAL
AMS-DPS,AMS,DPS,Amsterdam,Denpasar,INTERNASIONAL
AMS-KNO,AMS,KNO,Amsterdam,Medan,INTERNASIONAL
ARD-DPS,ARD,DPS,Alor,Denpasar,DOMESTIK
ARD-KOE,ARD,KOE,Alor,Kupang,DOMESTIK
AUH-CGK,AUH,CGK,Abu Dhabi,Jakarta,INTERNASIONAL
AUH-DPS,AUH,DPS,,,INTERNASIONAL
AVV-DPS,AVV,DPS,Geelong,Denpasar,INTERNASIONAL
BDJ-BDO,BDJ,BDO,Banjarmasin,Bandung,DOMESTIK
BDJ-BPN,BDJ,BPN,Banjarmasin,Balikpapan,DOMESTIK
BDJ-BTW,BDJ,BTW,Banjarmasin,Batulicin,DOMESTIK
BDJ-CGK,BDJ,CGK,Banjarmasin,Jakarta,DOMESTIK
BDJ-DPS,BDJ,DPS,Banjarmasin,Denpasar,DOMESTIK
BDJ-HMS,BDJ,HMS,Banjarmasin,Muara teweh,DOMESTIK
BDJ-JOG,BDJ,JOG,Banjarmasin,Yogyakarta,DOMESTIK
BDJ-KBU,BDJ,KBU,Banjarmasin,Kotabaru,DOMESTIK
BDJ-KJT,BDJ,KJT,Banjarmasin,Majalengka,DOMESTIK
BDJ-PKY,BDJ,PKY,,,DOMESTIK
BDJ-SMQ,BDJ,SMQ,Banjarmasin,Sampit,DOMESTIK
BDJ-SRG,BDJ,SRG,Banjarmasin,Semarang,DOMESTIK
BDJ-SUB,BDJ,SUB,Banjarmasin,Surabaya,DOMESTIK
BDJ-UPG,BDJ,UPG,Banjarmasin,Makassar,DOMESTIK
BDJ-YIA,BDJ,YIA,Banjarmasin,Yogyakarta,DOMESTIK
BDO-BKS,BDO,BKS,Bandung,Bengkulu,DOMESTIK
BDO-BPN,BDO,BPN,Bandung,Balikpapan,DOMESTIK
BDO-BTH,BDO,BTH,,,DOMESTIK
BDO-BWX,BDO,BWX,Bandung,Banyuwangi,DOMESTIK
BDO-CJN,BDO,CJN,,,DOMESTIK
BDO-DJB,BDO,DJB,Bandung,Jambi,DOMESTIK
BDO-DPS,BDO,DPS,Bandung,Denpasar,DOMESTIK
BDO-HLP,BDO,HLP,Bandung,Jakarta-HLP,DOMESTIK
BDO-JOG,BDO,JOG,Bandung,Yogyakarta,DOMESTIK
BDO-KNO,BDO,KNO,Bandung,Medan,DOMESTIK
BDO-KUL,BDO,KUL,Bandung,Kuala Lumpur,INTERNASIONAL
BDO-PKU,BDO,PKU,Bandung,Pekanbaru,DOMESTIK
BDO-PLM,BDO,PLM,Bandung,Palembang,DOMESTIK
BDO-SIN,BDO,SIN,Bandung,SINGAPURA,INTERNASIONAL
BDO-SOC,BDO,SOC,Bandung,Solo,DOMESTIK
BDO-SRG,BDO,SRG,Bandung,Semarang,DOMESTIK
BDO-SUB,BDO,SUB,Bandung,Surabaya,DOMESTIK
BDO-TJQ,BDO,TJQ,Bandung,Tanjung Pandan,DOMESTIK
BDO-TKG,BDO,TKG,Bandung,Bandar Lampung,DOMESTIK
BDO-UPG,BDO,UPG,Bandung,Makassar,DOMESTIK
BEJ-BPN,BEJ,BPN,Tanjung Redeb,Balikpapan,DOMESTIK
BEJ-CGK,BEJ,CGK,Tanjung Redeb,Jakarta,DOMESTIK
BEJ-SUB,BEJ,SUB,Tanjung Redeb,Surabaya,DOMESTIK
BEJ-TRK,BEJ,TRK,Tanjung Redeb,Tarakan,DOMESTIK
BEJ-YIA,BEJ,YIA,,,DOMESTIK
BIK-DJJ,BIK,DJJ,Biak,Jayapura,DOMESTIK
BIK-NBX,BIK,NBX,Biak,Nabire,DOMESTIK
BIK-SOQ,BIK,SOQ,,,DOMESTIK
BIK-UPG,BIK,UPG,Biak,Makassar,DOMESTIK
BIK-ZRI,BIK,ZRI,,,DOMESTIK
BJW-KOE,BJW,KOE,Bajawa,Kupang,DOMESTIK
BJW-LBJ,BJW,LBJ,Bajawa,Labuhan Bajo,DOMESTIK
BKI-BTH,BKI,BTH,,,INTERNASIONAL
BKI-CGK,BKI,CGK,,,INTERNASIONAL
BKI-DPS,BKI,DPS,,,INTERNASIONAL
BKI-MDC,BKI,MDC,Kota Kinabalu,Manado,INTERNASIONAL
BKK-CGK,BKK,CGK,Bangkok,Jakarta,INTERNASIONAL
BKK-DPS,BKK,DPS,Bangkok,Denpasar,INTERNASIONAL
BKS-BTH,BKS,BTH,Bengkulu,Batam,DOMESTIK
BKS-CGK,BKS,CGK,Bengkulu,Jakarta,DOMESTIK
BKS-HLP,BKS,HLP,Bengkulu,Jakarta-HLP,DOMESTIK
BKS-PDG,BKS,PDG,Bengkulu,Padang Pariaman,DOMESTIK
BKS-PLM,BKS,PLM,Bengkulu,Palembang,DOMESTIK
BKS-TKG,BKS,TKG,Bengkulu,Bandar Lampung,DOMESTIK
BLR-DPS,BLR,DPS,,,INTERNASIONAL
BMU-DPS,BMU,DPS,Bima,Denpasar,DOMESTIK
BMU-LBJ,BMU,LBJ,,,DOMESTIK
BMU-LOP,BMU,LOP,Bima,"Praya, Lombok",DOMESTIK
BMU-UPG,BMU,UPG,Bima,Makassar,DOMESTIK
BNE-DPS,BNE,DPS,Brisbane,Denpasar,INTERNASIONAL
BOM-CGK,BOM,CGK,,,INTERNASIONAL
BPN-BTH,BPN,BTH,,,DOMESTIK
BPN-BWN,BPN,BWN,,,INTERNASIONAL
BPN-CGK,BPN,CGK,Balikpapan,Jakarta,DOMESTIK
BPN-DHX,BPN,DHX,,,DOMESTIK
BPN-DPS,BPN,DPS,Balikpapan,Denpasar,DOMESTIK
BPN-GHS,BPN,GHS,Balikpapan,Melak,DOMESTIK
BPN-HLP,BPN,HLP,Balikpapan,Jakarta-HLP,DOMESTIK
BPN-JED,BPN,JED,Balikpapan,Jeddah,INTERNASIONAL
BPN-JOG,BPN,JOG,Balikpapan,Yogyakarta,DOMESTIK
BPN-KJT,BPN,KJT,Balikpapan,Majalengka,DOMESTIK
BPN-KNO,BPN,KNO,,,DOMESTIK
BPN-KUL,BPN,KUL,,,INTERNASIONAL
BPN-LNU,BPN,LNU,Balikpapan,Malinau,DOMESTIK
BPN-LOP,BPN,LOP,,,DOMESTIK
BPN-MDC,BPN,MDC,Balikpapan,Manado,DOMESTIK
BPN-MED,BPN,MED,Balikpapan,Medinah,INTERNASIONAL
BPN-MJU,BPN,MJU,Balikpapan,Mamuju,DOMESTIK
BPN-PDG,BPN,PDG,Balikpapan,Padang Pariaman,DOMESTIK
BPN-PKY,BPN,PKY,Balikpapan,Palangkaraya,DOMESTIK
BPN-PLW,BPN,PLW,Balikpapan,Palu,DOMESTIK
BPN-PNK,BPN,PNK,Balikpapan,Pontianak,DOMESTIK
BPN-SIN,BPN,SIN,Balikpapan,SINGAPURA,INTERNASIONAL
BPN-SOC,BPN,SOC,,,DOMESTIK
BPN-SRG,BPN,SRG,Balikpapan,Semarang,DOMESTIK
BPN-SUB,BPN,SUB,Balikpapan,Surabaya,DOMESTIK
BPN-TJS,BPN,TJS,Balikpapan,Tanjung Selor,DOMESTIK
BPN-TRK,BPN,TRK,Balikpapan,Tarakan,DOMESTIK
BPN-TRT,BPN,TRT,,,DOMESTIK
BPN-UPG,BPN,UPG,Balikpapan,Makassar,DOMESTIK
BPN-YIA,BPN,YIA,Balikpapan,Yogyakarta,DOMESTIK
BTH-BTJ,BTH,BTJ,,,DOMESTIK
BTH-CGK,BTH,CGK,Batam,Jakarta,DOMESTIK
BTH-DJB,BTH,DJB,Batam,Jambi,DOMESTIK
BTH-DTB,BTH,DTB,Batam,Siborong-borong,DOMESTIK
BTH-DUM,BTH,DUM,Batam,Dumai,DOMESTIK
BTH-HLP,BTH,HLP,Batam,Jakarta-HLP,DOMESTIK
BTH-ICN,BTH,ICN,,,INTERNASIONAL
BTH-JOG,BTH,JOG,Batam,Yogyakarta,DOMESTIK
BTH-KJT,BTH,KJT,Batam,Majalengka,DOMESTIK
BTH-KNO,BTH,KNO,Batam,Medan,DOMESTIK
BTH-KUL,BTH,KUL,,,INTERNASIONAL
BTH-LMU,BTH,LMU,Batam,Anambas,DOMESTIK
BTH-LOP,BTH,LOP,,,DOMESTIK
BTH-MWK,BTH,MWK,Batam,Matak,DOMESTIK
BTH-NTX,BTH,NTX,Batam,NATUNA,DOMESTIK
BTH-PDG,BTH,PDG,Batam,Padang Pariaman,DOMESTIK
BTH-PEN,BTH,PEN,,,INTERNASIONAL
BTH-PGK,BTH,PGK,Batam,Pangkal Pinang,DOMESTIK
BTH-PKU,BTH,PKU,Batam,Pekanbaru,DOMESTIK
BTH-PLM,BTH,PLM,Batam,Palembang,DOMESTIK
BTH-PNK,BTH,PNK,Batam,Pontianak,DOMESTIK
BTH-SIQ,BTH,SIQ,Batam,Singkep,DOMESTIK
BTH-SRG,BTH,SRG,Batam,Semarang,DOMESTIK
BTH-SUB,BTH,SUB,Batam,Surabaya,DOMESTIK
BTH-SZB,BTH,SZB,Batam,Subang,INTERNASIONAL
BTH-SZX,BTH,SZX,Batam,Shenzhen,INTERNASIONAL
BTH-TKG,BTH,TKG,Batam,Bandar Lampung,DOMESTIK
BTH-TNJ,BTH,TNJ,Batam,Tanjung Pinang,DOMESTIK
BTH-XIY,BTH,XIY,Batam,Xian,INTERNASIONAL
BTH-YIA,BTH,YIA,Batam,Yogyakarta,DOMESTIK
BTJ-BTJ,BTJ,BTJ,,,DOMESTIK
BTJ-CGK,BTJ,CGK,Banda Aceh,Jakarta,DOMESTIK
BTJ-KNO,BTJ,KNO,Banda Aceh,Medan,DOMESTIK
BTJ-KUL,BTJ,KUL,Banda Aceh,Kuala Lumpur,INTERNASIONAL
BTJ-PEN,BTJ,PEN,Banda Aceh,Penang,INTERNASIONAL
BTW-UPG,BTW,UPG,Batulicin,Makassar,DOMESTIK
BUU-CGK,BUU,CGK,Bungo,Jakarta,DOMESTIK
BUU-DJB,BUU,DJB,Bungo,Jambi,DOMESTIK
BUU-KRC,BUU,KRC,Bungo,Kerinci,DOMESTIK
BUW-KDI,BUW,KDI,Bau Bau,Kendari,DOMESTIK
BUW-UPG,BUW,UPG,Bau Bau,Makassar,DOMESTIK
BUW-WNI,BUW,WNI,,,DOMESTIK
BWN-CGK,BWN,CGK,BANDAR SRI BEGAWAN,Jakarta,INTERNASIONAL
BWN-DPS,BWN,DPS,BANDAR SRI BEGAWAN,Denpasar,INTERNASIONAL
BWN-SUB,BWN,SUB,BANDAR SRI BEGAWAN,Surabaya,INTERNASIONAL
BWX-CGK,BWX,CGK,Banyuwangi,Jakarta,DOMESTIK
BWX-DPS,BWX,DPS,Banyuwangi,Denpasar,DOMESTIK
BWX-SUB,BWX,SUB,Banyuwangi,Surabaya,DOMESTIK
BXB-FKQ,BXB,FKQ,Teluk Bintoni,Fak-fak,DOMESTIK
BXB-SOQ,BXB,SOQ,Teluk Bintoni,Sorong,DOMESTIK
CAI-CGK,CAI,CGK,,,INTERNASIONAL
CAN-CGK,CAN,CGK,Guangzhou,Jakarta,INTERNASIONAL
CAN-DPS,CAN,DPS,Guangzhou,Denpasar,INTERNASIONAL
CAN-MDC,CAN,MDC,Guangzhou,Manado,INTERNASIONAL
CBR-DPS,CBR,DPS,,,INTERNASIONAL
CGK-CMB,CGK,CMB,Jakarta,Colombo,INTERNASIONAL
CGK-CTU,CGK,CTU,,,INTERNASIONAL
CGK-DHX,CGK,DHX,,,DOMESTIK
CGK-DJB,CGK,DJB,Jakarta,Jambi,DOMESTIK
CGK-DJJ,CGK,DJJ,Jakarta,Jayapura,DOMESTIK
CGK-DMK,CGK,DMK,Jakarta,Bangkok-Don Mueang,INTERNASIONAL
CGK-DOH,CGK,DOH,,,DOMESTIK
CGK-DOH,CGK,DOH,Jakarta,Doha,INTERNASIONAL
CGK-DPS,CGK,DPS,Jakarta,Denpasar,DOMESTIK
CGK-DPS,CGK,DPS,,,INTERNASIONAL
CGK-DTB,CGK,DTB,Jakarta,Siborong-borong,DOMESTIK
CGK-DWC,CGK,DWC,,,INTERNASIONAL
CGK-DXB,CGK,DXB,Jakarta,Dubai,INTERNASIONAL
CGK-FLZ,CGK,FLZ,Jakarta,Sibolga,DOMESTIK
CGK-FOC,CGK,FOC,Jakarta,Fuzhou,INTERNASIONAL
CGK-GNS,CGK,GNS,Jakarta,Gunung Sitoli,DOMESTIK
CGK-GTO,CGK,GTO,Jakarta,Gorontalo,DOMESTIK
CGK-HAK,CGK,HAK,Jakarta,Haikou,INTERNASIONAL
CGK-HAN,CGK,HAN,,,INTERNASIONAL
CGK-HGH,CGK,HGH,,,INTERNASIONAL
CGK-HKG,CGK,HKG,Jakarta,Hongkong,INTERNASIONAL
CGK-HND,CGK,HND,Jakarta,Haneda,INTERNASIONAL
CGK-ICN,CGK,ICN,Jakarta,Incheon,INTERNASIONAL
CGK-IST,CGK,IST,Jakarta,Istanbul,INTERNASIONAL
CGK-JED,CGK,JED,Jakarta,Jeddah,INTERNASIONAL
CGK-JHB,CGK,JHB,Jakarta,Johor Baru,INTERNASIONAL
CGK-JOG,CGK,JOG,Jakarta,Yogyakarta,DOMESTIK
CGK-KCH,CGK,KCH,,,INTERNASIONAL
CGK-KDI,CGK,KDI,Jakarta,Kendari,DOMESTIK
CGK-KIX,CGK,KIX,Jakarta,Osaka,INTERNASIONAL
CGK-KJT,CGK,KJT,Jakarta,Majalengka,DOMESTIK
CGK-KMG,CGK,KMG,Jakarta,Kunming,INTERNASIONAL
CGK-KNO,CGK,KNO,Jakarta,Medan,DOMESTIK
CGK-KOE,CGK,KOE,Jakarta,Kupang,DOMESTIK
CGK-KUL,CGK,KUL,Jakarta,Kuala Lumpur,INTERNASIONAL
CGK-KWL,CGK,KWL,,,INTERNASIONAL
CGK-LBJ,CGK,LBJ,Jakarta,Labuhan Bajo,DOMESTIK
CGK-LLJ,CGK,LLJ,Jakarta,Lubuk Linggau,DOMESTIK
CGK-LOP,CGK,LOP,Jakarta,"Praya, Lombok",DOMESTIK
CGK-MCT,CGK,MCT,Jakarta,Muscat,INTERNASIONAL
CGK-MDC,CGK,MDC,Jakarta,Manado,DOMESTIK
CGK-MED,CGK,MED,Jakarta,Medinah,INTERNASIONAL
CGK-MEL,CGK,MEL,Jakarta,Melbourne,INTERNASIONAL
CGK-MFM,CGK,MFM,,,INTERNASIONAL
CGK-MKW,CGK,MKW,Jakarta,Manokwari,DOMESTIK
CGK-MLG,CGK,MLG,Jakarta,Malang,DOMESTIK
CGK-MNL,CGK,MNL,Jakarta,Manila,INTERNASIONAL
CGK-NGO,CGK,NGO,Jakarta,Nagoya,INTERNASIONAL
CGK-NKG,CGK,NKG,,,INTERNASIONAL
CGK-NNG,CGK,NNG,Jakarta,Nanning,INTERNASIONAL
CGK-NRT,CGK,NRT,Jakarta,Narita,INTERNASIONAL
CGK-PDG,CGK,PDG,Jakarta,Padang Pariaman,DOMESTIK
CGK-PEK,CGK,PEK,Jakarta,Beijing,INTERNASIONAL
CGK-PEN,CGK,PEN,Jakarta,Penang,INTERNASIONAL
CGK-PER,CGK,PER,Jakarta,Perth,INTERNASIONAL
CGK-PGK,CGK,PGK,Jakarta,Pangkal Pinang,DOMESTIK
CGK-PKN,CGK,PKN,Jakarta,Pangkalan Bun,DOMESTIK
CGK-PKU,CGK,PKU,Jakarta,Pekanbaru,DOMESTIK
CGK-PKY,CGK,PKY,Jakarta,Palangkaraya,DOMESTIK
CGK-PLM,CGK,PLM,Jakarta,Palembang,DOMESTIK
CGK-PLW,CGK,PLW,Jakarta,Palu,DOMESTIK
CGK-PNH,CGK,PNH,Jakarta,Phnom Penh,INTERNASIONAL
CGK-PNK,CGK,PNK,Jakarta,Pontianak,DOMESTIK
CGK-PVG,CGK,PVG,Jakarta,Pudong,INTERNASIONAL
CGK-RUH,CGK,RUH,Jakarta,Riyadh,INTERNASIONAL
CGK-SGN,CGK,SGN,Jakarta,Ho Chi Minh City,INTERNASIONAL
CGK-SIN,CGK,SIN,Jakarta,SINGAPURA,INTERNASIONAL
CGK-SMQ,CGK,SMQ,Jakarta,Sampit,DOMESTIK
CGK-SOC,CGK,SOC,Jakarta,Solo,DOMESTIK
CGK-SOQ,CGK,SOQ,Jakarta,Sorong,DOMESTIK
CGK-SRG,CGK,SRG,Jakarta,Semarang,DOMESTIK
CGK-SRI,CGK,SRI,Jakarta,Samarinda,DOMESTIK
CGK-SUB,CGK,SUB,Jakarta,Surabaya,DOMESTIK
CGK-SUB,CGK,SUB,,,INTERNASIONAL
CGK-SYD,CGK,SYD,Jakarta,Sydney,INTERNASIONAL
CGK-SZB,CGK,SZB,,,INTERNASIONAL
CGK-SZX,CGK,SZX,Jakarta,Shenzhen,INTERNASIONAL
CGK-TAS,CGK,TAS,Jakarta,Tashkent,INTERNASIONAL
CGK-TFU,CGK,TFU,,,INTERNASIONAL
CGK-TIM,CGK,TIM,Jakarta,Timika,DOMESTIK
CGK-TJQ,CGK,TJQ,Jakarta,Tanjung Pandan,DOMESTIK
CGK-TKG,CGK,TKG,Jakarta,Bandar Lampung,DOMESTIK
CGK-TNJ,CGK,TNJ,Jakarta,Tanjung Pinang,DOMESTIK
CGK-TPE,CGK,TPE,Jakarta,Taipei,INTERNASIONAL
CGK-TRK,CGK,TRK,Jakarta,Tarakan,DOMESTIK
CGK-TTE,CGK,TTE,Jakarta,Ternate,DOMESTIK
CGK-UPG,CGK,UPG,Jakarta,Makassar,DOMESTIK
CGK-WNZ,CGK,WNZ,,,INTERNASIONAL
CGK-WUH,CGK,WUH,Jakarta,Wuhan,INTERNASIONAL
CGK-XMN,CGK,XMN,Jakarta,Xiamen,INTERNASIONAL
CGK-YIA,CGK,YIA,Jakarta,Yogyakarta,DOMESTIK
CGO-DPS,CGO,DPS,Zhengshou,Denpasar,INTERNASIONAL
CJN-HLP,CJN,HLP,PANGANDARAN,Jakarta-HLP,DOMESTIK
CJN-PCB,CJN,PCB,,,DOMESTIK
CNS-DPS,CNS,DPS,Cairns,Denpasar,INTERNASIONAL
CPF-HLP,CPF,HLP,Cepu,Jakarta-HLP,DOMESTIK
CPF-PCB,CPF,PCB,,,DOMESTIK
CPF-SUB,CPF,SUB,,,DOMESTIK
CSX-DPS,CSX,DPS,Changsha,Denpasar,INTERNASIONAL
CSX-MDC,CSX,MDC,Changsha,Manado,INTERNASIONAL
CXP-HLP,CXP,HLP,Cilacap,Jakarta-HLP,DOMESTIK
DEL-DPS,DEL,DPS,,,INTERNASIONAL
DEX-DJJ,DEX,DJJ,Yahukimo,Jayapura,DOMESTIK
DEX-WMX,DEX,WMX,Yahukimo,Wamena,DOMESTIK
DIL-DPS,DIL,DPS,DILI,Denpasar,INTERNASIONAL
DIL-KOE,DIL,KOE,DILI,Kupang,INTERNASIONAL
DJB-HLP,DJB,HLP,Jambi,Jakarta-HLP,DOMESTIK
DJB-KNO,DJB,KNO,Jambi,Medan,DOMESTIK
DJB-PDG,DJB,PDG,Jambi,Padang Pariaman,DOMESTIK
DJB-PKU,DJB,PKU,Jambi,Pekanbaru,DOMESTIK
DJB-PLM,DJB,PLM,Jambi,Palembang,DOMESTIK
DJB-TKG,DJB,TKG,Jambi,Bandar Lampung,DOMESTIK
DJB-YIA,DJB,YIA,,,DOMESTIK
DJJ-HLP,DJJ,HLP,Jayapura,Jakarta-HLP,DOMESTIK
DJJ-MKQ,DJJ,MKQ,Jayapura,Merauke,DOMESTIK
DJJ-MKW,DJJ,MKW,Jayapura,Manokwari,DOMESTIK
DJJ-NBX,DJJ,NBX,Jayapura,Nabire,DOMESTIK
DJJ-OKL,DJJ,OKL,Jayapura,Oksibil,DOMESTIK
DJJ-RTA,DJJ,RTA,,,DOMESTIK
DJJ-RTB,DJJ,RTB,,,DOMESTIK
DJJ-SOQ,DJJ,SOQ,Jayapura,Sorong,DOMESTIK
DJJ-SUB,DJJ,SUB,Jayapura,Surabaya,DOMESTIK
DJJ-TIM,DJJ,TIM,Jayapura,Timika,DOMESTIK
DJJ-TMH,DJJ,TMH,Jayapura,Tanah Merah,DOMESTIK
DJJ-UPG,DJJ,UPG,Jayapura,Makassar,DOMESTIK
DJJ-WMX,DJJ,WMX,Jayapura,Wamena,DOMESTIK
DJJ-ZRI,DJJ,ZRI,Jayapura,Serui,DOMESTIK
DMK-DPS,DMK,DPS,Bangkok-Don Mueang,Denpasar,INTERNASIONAL
DMK-KNO,DMK,KNO,Bangkok-Don Mueang,Medan,INTERNASIONAL
DOB-LUV,DOB,LUV,Dobo,Langgur,DOMESTIK
DOH-DPS,DOH,DPS,Doha,Denpasar,INTERNASIONAL
DOH-KNO,DOH,KNO,,,INTERNASIONAL
DPS-DPS,DPS,DPS,,,DOMESTIK
DPS-DRW,DPS,DRW,Denpasar,DARWIN,INTERNASIONAL
DPS-DXB,DPS,DXB,Denpasar,Dubai,INTERNASIONAL
DPS-FOC,DPS,FOC,Denpasar,Fuzhou,INTERNASIONAL
DPS-HAN,DPS,HAN,Denpasar,Hanoi,INTERNASIONAL
DPS-HGH,DPS,HGH,Denpasar,Hangzhou,INTERNASIONAL
DPS-HKG,DPS,HKG,Denpasar,Hongkong,INTERNASIONAL
DPS-HKT,DPS,HKT,,,INTERNASIONAL
DPS-HLP,DPS,HLP,Denpasar,Jakarta-HLP,DOMESTIK
DPS-ICN,DPS,ICN,Denpasar,Incheon,INTERNASIONAL
DPS-IST,DPS,IST,Denpasar,Istanbul,INTERNASIONAL
DPS-JOG,DPS,JOG,Denpasar,Yogyakarta,DOMESTIK
DPS-KHN,DPS,KHN,Denpasar,Nanchang,INTERNASIONAL
DPS-KIX,DPS,KIX,Denpasar,Osaka,INTERNASIONAL
DPS-KJT,DPS,KJT,Denpasar,Majalengka,DOMESTIK
DPS-KMG,DPS,KMG,Denpasar,Kunming,INTERNASIONAL
DPS-KNO,DPS,KNO,,,DOMESTIK
DPS-KNO,DPS,KNO,Denpasar,Medan,INTERNASIONAL
DPS-KOE,DPS,KOE,Denpasar,Kupang,DOMESTIK
DPS-KUL,DPS,KUL,Denpasar,Kuala Lumpur,INTERNASIONAL
DPS-LBJ,DPS,LBJ,Denpasar,Labuhan Bajo,DOMESTIK
DPS-LOP,DPS,LOP,Denpasar,"Praya, Lombok",DOMESTIK
DPS-MDC,DPS,MDC,Denpasar,Manado,DOMESTIK
DPS-MEL,DPS,MEL,Denpasar,Melbourne,INTERNASIONAL
DPS-MLG,DPS,MLG,Denpasar,Malang,DOMESTIK
DPS-MNL,DPS,MNL,Denpasar,Manila,INTERNASIONAL
DPS-MOF,DPS,MOF,Denpasar,Maumere,DOMESTIK
DPS-NKG,DPS,NKG,Denpasar,Nanjing,INTERNASIONAL
DPS-NRT,DPS,NRT,Denpasar,Narita,INTERNASIONAL
DPS-OOL,DPS,OOL,,,INTERNASIONAL
DPS-PEK,DPS,PEK,Denpasar,Beijing,INTERNASIONAL
DPS-PEN,DPS,PEN,,,INTERNASIONAL
DPS-PER,DPS,PER,Denpasar,Perth,INTERNASIONAL
DPS-PHE,DPS,PHE,Denpasar,Port Hedland,INTERNASIONAL
DPS-PLM,DPS,PLM,Denpasar,Palembang,DOMESTIK
DPS-PNK,DPS,PNK,,,DOMESTIK
DPS-POM,DPS,POM,,,INTERNASIONAL
DPS-PUS,DPS,PUS,,,INTERNASIONAL
DPS-PVG,DPS,PVG,Denpasar,Pudong,INTERNASIONAL
DPS-SGN,DPS,SGN,Denpasar,Ho Chi Minh City,INTERNASIONAL
DPS-SIN,DPS,SIN,Denpasar,SINGAPURA,INTERNASIONAL
DPS-SOC,DPS,SOC,Denpasar,Solo,DOMESTIK
DPS-SOQ,DPS,SOQ,,,DOMESTIK
DPS-SRG,DPS,SRG,Denpasar,Semarang,DOMESTIK
DPS-SUB,DPS,SUB,Denpasar,Surabaya,DOMESTIK
DPS-SVO,DPS,SVO,Denpasar,Oblast Moskwa,INTERNASIONAL
DPS-SWQ,DPS,SWQ,,,DOMESTIK
DPS-SYD,DPS,SYD,Denpasar,Sydney,INTERNASIONAL
DPS-SZX,DPS,SZX,Denpasar,Shenzhen,INTERNASIONAL
DPS-TIM,DPS,TIM,Denpasar,Timika,DOMESTIK
DPS-TKG,DPS,TKG,,,DOMESTIK
DPS-TMC,DPS,TMC,Denpasar,Tambolaka,DOMESTIK
DPS-TPE,DPS,TPE,Denpasar,Taipei,INTERNASIONAL
DPS-UPG,DPS,UPG,Denpasar,Makassar,DOMESTIK
DPS-WGP,DPS,WGP,Denpasar,Waingapu,DOMESTIK
DPS-WUH,DPS,WUH,Denpasar,Wuhan,INTERNASIONAL
DPS-XIY,DPS,XIY,Denpasar,Xian,INTERNASIONAL
DPS-XMN,DPS,XMN,,,INTERNASIONAL
DPS-YIA,DPS,YIA,Denpasar,Yogyakarta,DOMESTIK
DTB-HLP,DTB,HLP,Siborong-borong,Jakarta-HLP,DOMESTIK
DTB-KNO,DTB,KNO,Siborong-borong,Medan,DOMESTIK
DTB-KUL,DTB,KUL,Siborong-borong,Kuala Lumpur,INTERNASIONAL
DUM-KNO,DUM,KNO,Dumai,Medan,DOMESTIK
DUM-PKU,DUM,PKU,Dumai,Pekanbaru,DOMESTIK
DVO-MDC,DVO,MDC,"Catitipan, Barangay Buhangin",Manado,INTERNASIONAL
ENE-KOE,ENE,KOE,Ende,Kupang,DOMESTIK
ENE-LBJ,ENE,LBJ,Ende,Labuhan Bajo,DOMESTIK
ENE-TMC,ENE,TMC,Ende,Tambolaka,DOMESTIK
EWE-MKQ,EWE,MKQ,Ewer,Merauke,DOMESTIK
EWE-TIM,EWE,TIM,Ewer,Timika,DOMESTIK
FKQ-MKW,FKQ,MKW,Fak-fak,Manokwari,DOMESTIK
FKQ-SOQ,FKQ,SOQ,Fak-fak,Sorong,DOMESTIK
FLZ-KNO,FLZ,KNO,Sibolga,Medan,DOMESTIK
FOC-MDC,FOC,MDC,Fuzhou,Manado,INTERNASIONAL
GNS-KNO,GNS,KNO,Gunung Sitoli,Medan,DOMESTIK
GNS-PDG,GNS,PDG,Gunung Sitoli,Padang Pariaman,DOMESTIK
GTO-MDC,GTO,MDC,Gorontalo,Manado,DOMESTIK
GTO-PLW,GTO,PLW,Gorontalo,Palu,DOMESTIK
GTO-UPG,GTO,UPG,Gorontalo,Makassar,DOMESTIK
HKG-SUB,HKG,SUB,Hongkong,Surabaya,INTERNASIONAL
HLP-JOG,HLP,JOG,Jakarta-HLP,Yogyakarta,DOMESTIK
HLP-KNO,HLP,KNO,Jakarta-HLP,Medan,DOMESTIK
HLP-KOE,HLP,KOE,Jakarta-HLP,Kupang,DOMESTIK
HLP-LOP,HLP,LOP,Jakarta-HLP,"Praya, Lombok",DOMESTIK
HLP-MLG,HLP,MLG,Jakarta-HLP,Malang,DOMESTIK
HLP-PDG,HLP,PDG,Jakarta-HLP,Padang Pariaman,DOMESTIK
HLP-PKN,HLP,PKN,Jakarta-HLP,Pangkalan Bun,DOMESTIK
HLP-PKU,HLP,PKU,Jakarta-HLP,Pekanbaru,DOMESTIK
HLP-PLM,HLP,PLM,Jakarta-HLP,Palembang,DOMESTIK
HLP-PWL,HLP,PWL,Jakarta-HLP,Banyumas,DOMESTIK
HLP-SIN,HLP,SIN,,,INTERNASIONAL
HLP-SOC,HLP,SOC,Jakarta-HLP,Solo,DOMESTIK
HLP-SRG,HLP,SRG,Jakarta-HLP,Semarang,DOMESTIK
HLP-SUB,HLP,SUB,Jakarta-HLP,Surabaya,DOMESTIK
HLP-TJQ,HLP,TJQ,Jakarta-HLP,Tanjung Pandan,DOMESTIK
HLP-TKG,HLP,TKG,Jakarta-HLP,Bandar Lampung,DOMESTIK
HLP-TSY,HLP,TSY,Jakarta-HLP,Tasikmalaya,DOMESTIK
HLP-TTE,HLP,TTE,Jakarta-HLP,Ternate,DOMESTIK
HLP-UPG,HLP,UPG,Jakarta-HLP,Makassar,DOMESTIK
HLP-YIA,HLP,YIA,Jakarta-HLP,Yogyakarta,DOMESTIK
IAX-MNA,IAX,MNA,KEP.TALAUD,Melangguane,DOMESTIK
JBB-SUB,JBB,SUB,Jember,Surabaya,DOMESTIK
JED-KNO,JED,KNO,Jeddah,Medan,INTERNASIONAL
JED-MED,JED,MED,,,INTERNASIONAL
JED-SOC,JED,SOC,Jeddah,Solo,INTERNASIONAL
JED-SUB,JED,SUB,Jeddah,Surabaya,INTERNASIONAL
JED-UPG,JED,UPG,Jeddah,Makassar,INTERNASIONAL
JHB-SUB,JHB,SUB,Johor Baru,Surabaya,INTERNASIONAL
JOG-KNO,JOG,KNO,Yogyakarta,Medan,DOMESTIK
JOG-KUL,JOG,KUL,Yogyakarta,Kuala Lumpur,INTERNASIONAL
JOG-LOP,JOG,LOP,Yogyakarta,"Praya, Lombok",DOMESTIK
JOG-PDG,JOG,PDG,Yogyakarta,Padang Pariaman,DOMESTIK
JOG-PGK,JOG,PGK,Yogyakarta,Pangkal Pinang,DOMESTIK
JOG-PKN,JOG,PKN,Yogyakarta,Pangkalan Bun,DOMESTIK
JOG-PKU,JOG,PKU,Yogyakarta,Pekanbaru,DOMESTIK
JOG-PLM,JOG,PLM,Yogyakarta,Palembang,DOMESTIK
JOG-PNK,JOG,PNK,Yogyakarta,Pontianak,DOMESTIK
JOG-SIN,JOG,SIN,Yogyakarta,SINGAPURA,INTERNASIONAL
JOG-SUB,JOG,SUB,Yogyakarta,Surabaya,DOMESTIK
JOG-TKG,JOG,TKG,Yogyakarta,Bandar Lampung,DOMESTIK
JOG-UPG,JOG,UPG,Yogyakarta,Makassar,DOMESTIK
KAZ-MDC,KAZ,MDC,Kao,Manado,DOMESTIK
KAZ-TTE,KAZ,TTE,,,DOMESTIK
KBU-UPG,KBU,UPG,Kotabaru,Makassar,DOMESTIK
KCH-PNK,KCH,PNK,KUCHING,Pontianak,INTERNASIONAL
KDI-SUB,KDI,SUB,Kendari,Surabaya,DOMESTIK
KDI-UPG,KDI,UPG,Kendari,Makassar,DOMESTIK
KDI-WNI,KDI,WNI,Kendari,Wangi-Wangi,DOMESTIK
KEI-MKQ,KEI,MKQ,Mappi,Merauke,DOMESTIK
KJT-KNO,KJT,KNO,Majalengka,Medan,DOMESTIK
KJT-KUL,KJT,KUL,,,INTERNASIONAL
KJT-PKU,KJT,PKU,Majalengka,Pekanbaru,DOMESTIK
KJT-SIN,KJT,SIN,,,INTERNASIONAL
KJT-SUB,KJT,SUB,Majalengka,Surabaya,DOMESTIK
KJT-UPG,KJT,UPG,Majalengka,Makassar,DOMESTIK
KNG-MKW,KNG,MKW,Kaimana,Manokwari,DOMESTIK
KNG-SOQ,KNG,SOQ,Kaimana,Sorong,DOMESTIK
KNO-KUL,KNO,KUL,Medan,Kuala Lumpur,INTERNASIONAL
KNO-LHR,KNO,LHR,Medan,London,INTERNASIONAL
KNO-LKI,KNO,LKI,,,DOMESTIK
KNO-LSW,KNO,LSW,Medan,Lhokseumawe,DOMESTIK
KNO-MAA,KNO,MAA,,,INTERNASIONAL
KNO-MED,KNO,MED,Medan,Medinah,INTERNASIONAL
KNO-MEQ,KNO,MEQ,Medan,Meulaboh,DOMESTIK
KNO-PDG,KNO,PDG,Medan,Padang Pariaman,DOMESTIK
KNO-PEN,KNO,PEN,,,DOMESTIK
KNO-PEN,KNO,PEN,Medan,Penang,INTERNASIONAL
KNO-PKU,KNO,PKU,Medan,Pekanbaru,DOMESTIK
KNO-PLM,KNO,PLM,Medan,Palembang,DOMESTIK
KNO-SIN,KNO,SIN,Medan,SINGAPURA,INTERNASIONAL
KNO-SNB,KNO,SNB,Medan,Sinabang,DOMESTIK
KNO-SOC,KNO,SOC,,,DOMESTIK
KNO-SRG,KNO,SRG,,,DOMESTIK
KNO-SUB,KNO,SUB,,,DOMESTIK
KNO-TKG,KNO,TKG,,,DOMESTIK
KNO-TXE,KNO,TXE,Medan,TAKENGON,DOMESTIK
KNO-YIA,KNO,YIA,Medan,Yogyakarta,DOMESTIK
KOE-LBJ,KOE,LBJ,Kupang,Labuhan Bajo,DOMESTIK
KOE-LKA,KOE,LKA,Kupang,Larantuka,DOMESTIK
KOE-LWE,KOE,LWE,Kupang,Lewoleba,DOMESTIK
KOE-MOF,KOE,MOF,Kupang,Maumere,DOMESTIK
KOE-RTG,KOE,RTG,Kupang,Ruteng,DOMESTIK
KOE-RTI,KOE,RTI,Kupang,Rote,DOMESTIK
KOE-SAU,KOE,SAU,Kupang,Sabu,DOMESTIK
KOE-SUB,KOE,SUB,Kupang,Surabaya,DOMESTIK
KOE-TMC,KOE,TMC,Kupang,Tambolaka,DOMESTIK
KOE-UPG,KOE,UPG,Kupang,Makassar,DOMESTIK
KOE-WGP,KOE,WGP,Kupang,Waingapu,DOMESTIK
KSR-UPG,KSR,UPG,Selayar,Makassar,DOMESTIK
KTG-PNK,KTG,PNK,Ketapang,Pontianak,DOMESTIK
KTG-SRG,KTG,SRG,Ketapang,Semarang,DOMESTIK
KUL-LBJ,KUL,LBJ,,,INTERNASIONAL
KUL-LOP,KUL,LOP,Kuala Lumpur,"Praya, Lombok",INTERNASIONAL
KUL-MAA,KUL,MAA,Kuala Lumpur,Chennai,INTERNASIONAL
KUL-PDG,KUL,PDG,Kuala Lumpur,Padang Pariaman,INTERNASIONAL
KUL-PKU,KUL,PKU,Kuala Lumpur,Pekanbaru,INTERNASIONAL
KUL-PLM,KUL,PLM,Kuala Lumpur,Palembang,INTERNASIONAL
KUL-PNK,KUL,PNK,Kuala Lumpur,Pontianak,INTERNASIONAL
KUL-SOC,KUL,SOC,Kuala Lumpur,Solo,INTERNASIONAL
KUL-SRG,KUL,SRG,Kuala Lumpur,Semarang,INTERNASIONAL
KUL-SUB,KUL,SUB,Kuala Lumpur,Surabaya,INTERNASIONAL
KUL-TJQ,KUL,TJQ,Kuala Lumpur,Tanjung Pandan,INTERNASIONAL
KUL-UPG,KUL,UPG,Kuala Lumpur,Makassar,INTERNASIONAL
KUL-YIA,KUL,YIA,Kuala Lumpur,Yogyakarta,INTERNASIONAL
KWB-SRG,KWB,SRG,Karimun Jawa,Semarang,DOMESTIK
KXB-UPG,KXB,UPG,,Makassar,DOMESTIK
LAH-TTE,LAH,TTE,Labuha,Ternate,DOMESTIK
LBJ-LOP,LBJ,LOP,Labuhan Bajo,"Praya, Lombok",DOMESTIK
LBJ-MOF,LBJ,MOF,Labuhan Bajo,Maumere,DOMESTIK
LBJ-SUB,LBJ,SUB,Labuhan Bajo,Surabaya,DOMESTIK
LBJ-TMC,LBJ,TMC,,,DOMESTIK
LBJ-UPG,LBJ,UPG,Labuhan Bajo,Makassar,DOMESTIK
LLJ-PLM,LLJ,PLM,Lubuk Linggau,Palembang,DOMESTIK
LLO-UPG,LLO,UPG,Palopo (Bua),Makassar,DOMESTIK
LNU-TRK,LNU,TRK,Malinau,Tarakan,DOMESTIK
LOP-PER,LOP,PER,"Praya, Lombok",Perth,INTERNASIONAL
LOP-SIN,LOP,SIN,"Praya, Lombok",SINGAPURA,INTERNASIONAL
LOP-SRG,LOP,SRG,,,DOMESTIK
LOP-SUB,LOP,SUB,"Praya, Lombok",Surabaya,DOMESTIK
LOP-SWQ,LOP,SWQ,"Praya, Lombok",Sumbawa Besar,DOMESTIK
LOP-UPG,LOP,UPG,"Praya, Lombok",Makassar,DOMESTIK
LOP-YIA,LOP,YIA,"Praya, Lombok",Yogyakarta,DOMESTIK
LUV-TIM,LUV,TIM,Langgur,Timika,DOMESTIK
LUW-MDC,LUW,MDC,Luwuk,Manado,DOMESTIK
LUW-PLW,LUW,PLW,Luwuk,Palu,DOMESTIK
LUW-UPG,LUW,UPG,Luwuk,Makassar,DOMESTIK
MDC-MNA,MDC,MNA,Manado,Melangguane,DOMESTIK
MDC-NAH,MDC,NAH,Manado,Tahuna,DOMESTIK
MDC-NRT,MDC,NRT,,,INTERNASIONAL
MDC-OTI,MDC,OTI,Manado,Morotai,DOMESTIK
MDC-PVG,MDC,PVG,Manado,Pudong,INTERNASIONAL
MDC-SIN,MDC,SIN,Manado,SINGAPURA,INTERNASIONAL
MDC-SOQ,MDC,SOQ,Manado,Sorong,DOMESTIK
MDC-SUB,MDC,SUB,Manado,Surabaya,DOMESTIK
MDC-TIM,MDC,TIM,Manado,Timika,DOMESTIK
MDC-TTE,MDC,TTE,Manado,Ternate,DOMESTIK
MDC-UPG,MDC,UPG,Manado,Makassar,DOMESTIK
MED-SOC,MED,SOC,Medinah,Solo,INTERNASIONAL
MED-SUB,MED,SUB,Medinah,Surabaya,INTERNASIONAL
MJU-UPG,MJU,UPG,Mamuju,Makassar,DOMESTIK
MKQ-OKL,MKQ,OKL,,,DOMESTIK
MKQ-TMH,MKQ,TMH,Merauke,Tanah Merah,DOMESTIK
MKQ-UPG,MKQ,UPG,Merauke,Makassar,DOMESTIK
MKW-NBX,MKW,NBX,Manokwari,Nabire,DOMESTIK
MKW-NTI,MKW,NTI,Manokwari,Bintuni,DOMESTIK
MKW-SOQ,MKW,SOQ,Manokwari,Sorong,DOMESTIK
MKW-UPG,MKW,UPG,Manokwari,Makassar,DOMESTIK
MKZ-PKU,MKZ,PKU,Malaka,Pekanbaru,INTERNASIONAL
MLG-MLG,MLG,MLG,,,DOMESTIK
MNA-NAH,MNA,NAH,Melangguane,Tahuna,DOMESTIK
MOF-UPG,MOF,UPG,Maumere,Makassar,DOMESTIK
MOH-PLW,MOH,PLW,Morowali,Palu,DOMESTIK
MOH-UPG,MOH,UPG,Morowali,Makassar,DOMESTIK
MWK-TNJ,MWK,TNJ,Matak,Tanjung Pinang,DOMESTIK
NBX-SOQ,NBX,SOQ,Nabire,Sorong,DOMESTIK
NBX-TIM,NBX,TIM,Nabire,Timika,DOMESTIK
NNX-TRK,NNX,TRK,Nunukan,Tarakan,DOMESTIK
NTI-SOQ,NTI,SOQ,Bintuni,Sorong,DOMESTIK
OJU-UPG,OJU,UPG,Ampana,Makassar,DOMESTIK
OTI-TTE,OTI,TTE,Morotai,Ternate,DOMESTIK
PCB-PWL,PCB,PWL,,,DOMESTIK
PDG-PKU,PDG,PKU,Padang Pariaman,Pekanbaru,DOMESTIK
PDG-PLM,PDG,PLM,Padang Pariaman,Palembang,DOMESTIK
PDG-SRG,PDG,SRG,,,DOMESTIK
PDG-SUB,PDG,SUB,Padang Pariaman,Surabaya,DOMESTIK
PDG-YIA,PDG,YIA,Padang Pariaman,Yogyakarta,DOMESTIK
PEN-SUB,PEN,SUB,Penang,Surabaya,INTERNASIONAL
PGK-PLM,PGK,PLM,Pangkal Pinang,Palembang,DOMESTIK
PGK-SOC,PGK,SOC,Pangkal Pinang,Solo,DOMESTIK
PGK-SUB,PGK,SUB,,,DOMESTIK
PGK-TJQ,PGK,TJQ,Pangkal Pinang,Tanjung Pandan,DOMESTIK
PGK-YIA,PGK,YIA,,,DOMESTIK
PGQ-TTE,PGQ,TTE,Maba,Ternate,DOMESTIK
PKN-PKY,PKN,PKY,Pangkalan Bun,Palangkaraya,DOMESTIK
PKN-SMQ,PKN,SMQ,Pangkalan Bun,Sampit,DOMESTIK
PKN-SRG,PKN,SRG,Pangkalan Bun,Semarang,DOMESTIK
PKN-SUB,PKN,SUB,Pangkalan Bun,Surabaya,DOMESTIK
PKU-PLM,PKU,PLM,Pekanbaru,Palembang,DOMESTIK
PKU-SIN,PKU,SIN,Pekanbaru,SINGAPURA,INTERNASIONAL
PKU-SRG,PKU,SRG,,,DOMESTIK
PKU-SUB,PKU,SUB,Pekanbaru,Surabaya,DOMESTIK
PKU-SZB,PKU,SZB,Pekanbaru,Subang,INTERNASIONAL
PKU-TNJ,PKU,TNJ,Pekanbaru,Tanjung Pinang,DOMESTIK
PKU-YIA,PKU,YIA,Pekanbaru,Yogyakarta,DOMESTIK
PKY-PNK,PKY,PNK,,,DOMESTIK
PKY-SMQ,PKY,SMQ,Palangkaraya,Sampit,DOMESTIK
PKY-SOC,PKY,SOC,Palangkaraya,Solo,DOMESTIK
PKY-SRG,PKY,SRG,,,DOMESTIK
PKY-SUB,PKY,SUB,Palangkaraya,Surabaya,DOMESTIK
PKY-YIA,PKY,YIA,Palangkaraya,Yogyakarta,DOMESTIK
PLM-PXA,PLM,PXA,Palembang,Lahat,DOMESTIK
PLM-SIN,PLM,SIN,Palembang,SINGAPURA,INTERNASIONAL
PLM-SOC,PLM,SOC,Palembang,Solo,DOMESTIK
PLM-SRG,PLM,SRG,Palembang,Semarang,DOMESTIK
PLM-SUB,PLM,SUB,Palembang,Surabaya,DOMESTIK
PLM-TKG,PLM,TKG,Palembang,Bandar Lampung,DOMESTIK
PLM-YIA,PLM,YIA,Palembang,Yogyakarta,DOMESTIK
PLW-SUB,PLW,SUB,Palu,Surabaya,DOMESTIK
PLW-TLI,PLW,TLI,Palu,Toli-toli,DOMESTIK
PLW-UOL,PLW,UOL,Palu,Buol,DOMESTIK
PLW-UPG,PLW,UPG,Palu,Makassar,DOMESTIK
PNK-PSU,PNK,PSU,Pontianak,Putu Sibau,DOMESTIK
PNK-SOC,PNK,SOC,Pontianak,Solo,DOMESTIK
PNK-SQG,PNK,SQG,Pontianak,Sintang,DOMESTIK
PNK-SRG,PNK,SRG,Pontianak,Semarang,DOMESTIK
PNK-SUB,PNK,SUB,Pontianak,Surabaya,DOMESTIK
PNK-UPG,PNK,UPG,Pontianak,Makassar,DOMESTIK
PNK-YIA,PNK,YIA,Pontianak,Yogyakarta,DOMESTIK
PSJ-UPG,PSJ,UPG,Poso,Makassar,DOMESTIK
PUM-UPG,PUM,UPG,Kolaka,Makassar,DOMESTIK
PVG-XMN,PVG,XMN,,,INTERNASIONAL
PWL-SUB,PWL,SUB,Banyumas,Surabaya,DOMESTIK
RAQ-UPG,RAQ,UPG,Muna,Makassar,DOMESTIK
SIN-SRG,SIN,SRG,SINGAPURA,Semarang,INTERNASIONAL
SIN-SUB,SIN,SUB,SINGAPURA,Surabaya,INTERNASIONAL
SIN-TPE,SIN,TPE,SINGAPURA,Taipei,INTERNASIONAL
SIN-UPG,SIN,UPG,SINGAPURA,Makassar,INTERNASIONAL
SIN-YIA,SIN,YIA,SINGAPURA,Yogyakarta,INTERNASIONAL
SMQ-SRG,SMQ,SRG,Sampit,Semarang,DOMESTIK
SMQ-SUB,SMQ,SUB,Sampit,Surabaya,DOMESTIK
SOC-SOC,SOC,SOC,,,DOMESTIK
SOC-SUB,SOC,SUB,Solo,Surabaya,DOMESTIK
SOQ-SUB,SOQ,SUB,Sorong,Surabaya,DOMESTIK
SOQ-TIM,SOQ,TIM,Sorong,Timika,DOMESTIK
SOQ-UPG,SOQ,UPG,Sorong,Makassar,DOMESTIK
SQN-TTE,SQN,TTE,Sanana,Ternate,DOMESTIK
SRG-SRG,SRG,SRG,,,DOMESTIK
SRG-SUB,SRG,SUB,Semarang,Surabaya,DOMESTIK
SRG-UPG,SRG,UPG,Semarang,Makassar,DOMESTIK
SUB-SUP,SUB,SUP,Surabaya,Sumenep,DOMESTIK
SUB-TIM,SUB,TIM,,,DOMESTIK
SUB-TRK,SUB,TRK,Surabaya,Tarakan,DOMESTIK
SUB-TTE,SUB,TTE,Surabaya,Ternate,DOMESTIK
SUB-UPG,SUB,UPG,Surabaya,Makassar,DOMESTIK
TFY-TKG,TFY,TKG,Peakon Serai,Bandar Lampung,DOMESTIK
TIM-UPG,TIM,UPG,Timika,Makassar,DOMESTIK
TIM-WMX,TIM,WMX,Timika,Wamena,DOMESTIK
TJS-TRK,TJS,TRK,Tanjung Selor,Tarakan,DOMESTIK
TKG-YIA,TKG,YIA,Bandar Lampung,Yogyakarta,DOMESTIK
TRK-TWU,TRK,TWU,Tarakan,Tawau,INTERNASIONAL
TRK-UPG,TRK,UPG,Tarakan,Makassar,DOMESTIK
TRK-YIA,TRK,YIA,Tarakan,Yogyakarta,DOMESTIK
TRT-UPG,TRT,UPG,,Makassar,DOMESTIK
TTE-UPG,TTE,UPG,Ternate,Makassar,DOMESTIK
UPG-UPG,UPG,UPG,,,DOMESTIK
UPG-WNI,UPG,WNI,,,DOMESTIK
UPG-YIA,UPG,YIA,Makassar,Yogyakarta,DOMESTIK
